-- Заполняем таблицу ПРоектов
INSERT INTO hometowns (hometown)VALUES
('Moscow'),
('St. Petersburg'),
('Samara'),
('Murmansk'),
('Rostov');

INSERT INTO statuses (id, status) VALUES
(1,'Created'),
(2,'Open'),
(3,'Closed'),
(4,'Expired');

INSERT INTO categories (category) VALUES
('IT Services'),
('Photo & Video'),
('Beauty and Fitness'),
('Transportation'),
('Construction'),
('HandyMan'),
('Cleaning'),
('Event Organizing'),
('Education'),
('Courier Services');


INSERT INTO ratings (id, rating_value) VALUES
(1,'horrible'),
(2,'bad'),
(3,'acceptable'),
(4,'good'),
(5,'excellent');

-- USERS 90
INSERT INTO users (first_name,last_name,email) VALUES
("Abraham","Ramos","velit.Aliquam.nisl@dapibusrutrum.edu"),("Brielle","Wiggins","Donec@neque.co.uk"),("Zelda","Vazquez","porta@amet.com"),("Damian","Ross","Lorem.ipsum@Donec.ca"),("Gisela","Hammond","vitae.mauris.sit@Quisque.org"),("Preston","Nieves","sit.amet@Donecelementumlorem.org"),("Kaye","Wheeler","quis.lectus.Nullam@purusDuiselementum.net"),("Cora","Alvarez","Integer@eumetus.co.uk"),("Libby","Mason","auctor.Mauris.vel@acfeugiatnon.edu"),("William","Monroe","sed.sapien@parturientmontes.co.uk"),
("Knox","Larson","orci.Ut.semper@egestas.net"),("Benedict","Guerrero","nisi@aliquetPhasellusfermentum.net"),("Magee","Hodge","augue@necurnaet.net"),("Amena","Crawford","malesuada.ut@scelerisque.com"),("Connor","Acevedo","vitae.posuere@euismod.com"),("Brody","Riley","magna.sed.dui@famesacturpis.org"),("Cassady","Castillo","aliquet@Maurisnulla.co.uk"),("Kyla","Velez","lorem.luctus.ut@ultriciessemmagna.co.uk"),("Samson","Hill","luctus.sit@Loremipsum.ca"),("Maya","Hogan","eros.turpis.non@velitegestaslacinia.co.uk"),
("Cameron","Stokes","magna@odiosempercursus.edu"),("William","Slater","lorem.vitae.odio@enim.net"),("Cassandra","Langley","arcu.Vestibulum@consequatlectussit.ca"),("Jayme","Tanner","iaculis@temporarcuVestibulum.org"),("Harrison","Joyce","mauris.eu@dui.ca"),("Bianca","Owens","non.bibendum.sed@enimNuncut.ca"),("Herman","Hoffman","ligula@consectetuereuismodest.org"),("Breanna","Giles","diam@in.co.uk"),("Karleigh","Adkins","id@diamluctuslobortis.org"),("Knox","Rodriquez","Nam.consequat@parturientmontes.edu"),
("Kimberly","Pitts","amet.diam.eu@dictummi.co.uk"),("Garth","Haynes","aliquet@uterosnon.edu"),("Jenna","Lott","Duis.at@enimnonnisi.edu"),("Rogan","Sexton","in.faucibus@egestas.org"),("Kasimir","Tyson","Sed.congue@montes.ca"),("Linda","Vargas","eu.eros@consectetueradipiscing.com"),("Jordan","Campos","consectetuer.euismod.est@fringilla.ca"),("Jocelyn","Ferguson","mauris.sapien.cursus@Inscelerisquescelerisque.ca"),("Bruce","Mccall","hendrerit.neque@sociisnatoquepenatibus.ca"),("Russell","Walls","Maecenas@Aliquam.net"),
("Brennan","Harrell","nunc.sed.pede@faucibus.com"),("Robin","Stanton","sit.amet@Suspendissedui.net"),("Felix","Monroe","iaculis.quis.pede@semper.co.uk"),("Victoria","Bradley","nec.urna.et@lectusa.com"),("Kiona","Sears","mauris@mattis.ca"),("Cleo","Wynn","Ut.tincidunt.orci@sagittissemperNam.net"),("Colleen","Mann","velit@nonsapien.com"),("Lenore","Martinez","odio.Aliquam@aauctornon.edu"),("Aphrodite","Ashley","tellus.eu@fermentum.org"),("Quentin","Cantrell","eros.non@senectus.com"),
("Heidi","Evans","turpis.vitae.purus@musAeneaneget.org"),("Kieran","Salas","lacinia.at@turpis.ca"),("Phoebe","Hobbs","non.quam.Pellentesque@mi.co.uk"),("Beverly","Santiago","Nam.porttitor.scelerisque@metus.co.uk"),("Angela","Lowe","eu.turpis.Nulla@Proin.edu"),("TaShya","Hendrix","nec.mauris@venenatisvelfaucibus.ca"),("Scarlett","Johns","id.ante.Nunc@erat.com"),("Brock","Hobbs","eget@risusInmi.co.uk"),("Quemby","Mack","pretium.et@atfringilla.net"),("Ingrid","Buckner","pharetra.felis@acfacilisis.co.uk"),
("Serena","Raymond","tincidunt.neque@justo.ca"),("Anika","Dickerson","massa@iaculisodio.org"),("Grace","Hubbard","elementum@erosnectellus.ca"),("Jeanette","Slater","ad.litora.torquent@a.ca"),("Breanna","Young","Nullam.nisl@dis.ca"),("Raja","Lopez","natoque@miAliquam.ca"),("Kenneth","Robertson","nec@nequesed.ca"),("Noelle","Mccray","sodales.elit.erat@nunc.edu"),("Quamar","Puckett","eget@metusurna.com"),("Claudia","Salinas","leo.Morbi@Cum.ca"),
("Risa","Finley","sagittis.felis.Donec@semconsequatnec.net"),("Bradley","Arnold","elit@molestieintempus.edu"),("Brynn","Romero","nec.quam@nisl.edu"),("Jorden","Holman","vehicula@duiCumsociis.net"),("Hasad","Barnes","iaculis.nec.eleifend@vitae.org"),("Ann","Hall","Sed.molestie@semegetmassa.org"),("Garrison","Morse","porttitor.tellus.non@veliteu.ca"),("Isadora","Estes","amet@iaculis.ca"),("Myra","Mccray","enim@molestietellus.ca"),("Darryl","Cummings","sem.magna.nec@Quisquepurussapien.ca"),
("Piper","Farrell","sapien.Nunc@Nam.com"),("Shea","Beach","est@dignissimlacus.net"),("Lesley","Cotton","aliquet.lobortis@erat.edu"),("Sarah","Sosa","erat@fringillami.edu"),("Chase","Byrd","Suspendisse@utmi.edu"),("Scarlet","Weaver","urna.justo@consequatenim.net"),("Evan","Hayes","adipiscing@enimconsequatpurus.com"),("Jorden","Navarro","velit.Cras.lorem@nibh.edu"),("Sacha","Richards","interdum@malesuadafames.ca"),("Armando","Hughes","dictum.augue.malesuada@ullamcorpermagnaSed.ca");

-- CONTRACTORS 310
INSERT INTO users (first_name,last_name,email,is_contractor) VALUES
("Blake","Oneal","penatibus.et.magnis@dapibusrutrumjusto.ca","1"),("Rachel","Goff","tristique@Maurisquis.org","1"),("Aladdin","Wynn","consectetuer@Nunclaoreetlectus.edu","1"),("Kasimir","Monroe","ridiculus@ligulaNullam.ca","1"),("Octavius","Goodman","vitae.aliquam.eros@amet.com","1"),("Donovan","Silva","fermentum.vel.mauris@a.edu","1"),("Leo","Rhodes","tellus.Nunc@idsapien.ca","1"),("Alika","Cooley","ac.mattis.velit@sedpedenec.co.uk","1"),("Keely","Patterson","ipsum.porta@tortordictum.com","1"),("Simone","Compton","erat.neque.non@lorem.edu","1"),
("Ray","Ferrell","Proin.dolor.Nulla@montesnasceturridiculus.com","1"),("Hyatt","Blevins","turpis@nonummyipsum.ca","1"),("Shad","Finch","arcu.Nunc.mauris@mauris.com","1"),("Kyra","Potts","libero@pretium.net","1"),("Trevor","Mcgee","et@orci.co.uk","1"),("Ginger","Gallagher","ornare.Fusce@etmagnis.com","1"),("Carly","Preston","facilisis.magna.tellus@adipiscingelitEtiam.net","1"),("Leroy","Porter","luctus@a.ca","1"),("Deanna","English","eu.ligula@pretiumetrutrum.ca","1"),("Sylvester","Joyner","odio@convallisin.com","1"),
("Steven","Daugherty","ac.turpis.egestas@rhoncusidmollis.ca","1"),("Stephanie","Johns","sed.dolor@Fuscealiquetmagna.edu","1"),("Rina","Bryan","sem.mollis@tempusmauriserat.net","1"),("Nita","Molina","nec.orci.Donec@dui.net","1"),("Haley","Rivas","ac.turpis.egestas@nisl.com","1"),("Zahir","Austin","ullamcorper.Duis.at@eleifendnondapibus.com","1"),("Tasha","Wiggins","dui@acturpis.org","1"),("Paula","Guerra","magna.a@Donecfelis.co.uk","1"),("Pearl","Pope","Sed.diam.lorem@vulputateduinec.ca","1"),("Scarlett","Schultz","leo.Vivamus@etcommodoat.edu","1"),
("Jayme","Riley","dictum.placerat.augue@purus.co.uk","1"),("Marcia","Harding","magna.Suspendisse.tristique@eratnonummyultricies.org","1"),("Julie","Herring","lorem@eusem.co.uk","1"),("Lillith","Lopez","Cum.sociis@Fusce.co.uk","1"),("Kane","Morales","massa@posuere.ca","1"),("Kellie","Ortiz","Duis.elementum@volutpatNulladignissim.org","1"),("Thaddeus","Sexton","Nunc.ut@a.ca","1"),("Willow","Cunningham","dignissim.tempor@nec.co.uk","1"),("Alea","Rosa","id@justoeuarcu.org","1"),("Eve","Henson","magna.Phasellus@semvitae.com","1"),
("Frances","Brock","facilisis@id.com","1"),("Yeo","Meyer","elementum.sem@odioNaminterdum.org","1"),("Evelyn","Brennan","vel@volutpatNulla.com","1"),("Scott","Evans","Cras@fringillaeuismodenim.net","1"),("Athena","Hancock","Nulla@aliquetmolestie.ca","1"),("Sara","Harrison","augue@Quisquenonummy.edu","1"),("Plato","Montoya","sapien.molestie@felisullamcorperviverra.com","1"),("Chancellor","Griffin","enim.diam.vel@malesuada.co.uk","1"),("Donovan","Carlson","fringilla.ornare.placerat@auctorullamcorpernisl.ca","1"),("Cullen","Joseph","vestibulum.neque@quamafelis.com","1"),
("Preston","Porter","semper.dui.lectus@Suspendissealiquet.ca","1"),("Lavinia","Burch","accumsan.sed@leoCras.net","1"),("Julie","Jefferson","metus.eu.erat@lobortisquispede.co.uk","1"),("Maile","Carney","et@mi.net","1"),("Carol","Marks","sit.amet@semperduilectus.edu","1"),("Mariam","Waller","elit.Aliquam@necmollisvitae.edu","1"),("Jerome","Frazier","sed.hendrerit.a@nondapibus.com","1"),("William","Phelps","Nullam@ligulaAenean.net","1"),("Barrett","Holman","est.Nunc@montes.ca","1"),("Aphrodite","Mclaughlin","dignissim@nunc.ca","1"),
("Vincent","Richardson","Aliquam.rutrum@nec.net","1"),("Baxter","Wilkinson","rutrum.eu@Proin.net","1"),("Richard","Baldwin","vulputate@dolor.net","1"),("Laith","Collier","auctor@odioPhasellusat.com","1"),("Denton","Chambers","turpis.egestas@Integer.ca","1"),("Xander","Rosales","a@vitae.com","1"),("Stuart","Carroll","magna.a.neque@posuerecubilia.co.uk","1"),("Desirae","Battle","Cum.sociis@in.com","1"),("Jena","Garrison","vehicula.Pellentesque@perinceptos.net","1"),("Kirestin","Garrison","auctor@auctorMaurisvel.edu","1"),
("Calvin","Strickland","non.enim@ornare.edu","1"),("Keaton","Cameron","et.ultrices@cursusluctus.co.uk","1"),("Edan","Hicks","Curabitur.massa@amet.ca","1"),("Regan","Owen","eu.ligula@liberoDonecconsectetuer.edu","1"),("Lillian","Johnston","Aliquam.auctor@congueIn.org","1"),("Elijah","Emerson","orci.lacus.vestibulum@turpisegestas.com","1"),("Sydney","Page","semper@atpretium.org","1"),("Ruby","Ochoa","mattis.Cras@vulputate.org","1"),("Marshall","Stout","natoque.penatibus.et@ornareelitelit.edu","1"),("Chanda","Guerrero","mollis.lectus.pede@gravidamolestie.com","1"),
("Britanni","Velazquez","diam@sociisnatoquepenatibus.edu","1"),("Jillian","Barry","Donec.tempor.est@ornare.net","1"),("Blaze","Bentley","Quisque.imperdiet.erat@risus.com","1"),("Brynn","Holcomb","orci@sodalesnisi.org","1"),("Halee","Macias","massa.rutrum@neccursus.com","1"),("Ira","Dominguez","arcu@pedeCumsociis.ca","1"),("Austin","Greene","a.dui.Cras@eratvolutpatNulla.edu","1"),("Myra","Clayton","sed@mauris.co.uk","1"),("Macaulay","Chavez","luctus.ut@CrasinterdumNunc.org","1"),("Curran","Shaw","pede.Nunc.sed@Maecenas.co.uk","1"),
("Kameko","Sims","amet.risus.Donec@accumsansed.net","1"),("Adam","Vance","non.leo.Vivamus@sagittisplaceratCras.com","1"),("Isaiah","Prince","et.magnis@malesuada.com","1"),("Nola","Higgins","non@nibhDonec.edu","1"),("Phelan","Johnston","massa@neque.net","1"),("Clare","Collier","Suspendisse.sed@non.edu","1"),("Phoebe","Schmidt","ullamcorper.Duis.at@montesnascetur.ca","1"),("Colin","Rodriquez","tempus@mauriserat.net","1"),("Dillon","French","porttitor.vulputate@lacus.edu","1"),("Cassady","West","Suspendisse.aliquet.molestie@nonummyipsumnon.co.uk","1"),
("Marsden","Ayala","enim@liberoet.edu","1"),("Garrison","Fletcher","iaculis.quis@acorci.ca","1"),("Simon","Jones","parturient.montes.nascetur@vehicula.org","1"),("Adria","Wyatt","volutpat.Nulla.dignissim@sodalesnisimagna.edu","1"),("Carlos","Oconnor","molestie@dolor.ca","1"),("Ezra","Robbins","tristique@arcuVivamus.org","1"),("Kirsten","Sawyer","neque.vitae@luctus.net","1"),("Kelsey","Nieves","urna.nec@fringillaeuismodenim.net","1"),("Wing","Hobbs","Mauris.magna.Duis@orciPhasellus.com","1"),("Maggy","Parker","risus.Donec.egestas@cursusNuncmauris.com","1"),
("Benedict","Stephenson","quam.a@adipiscingenim.co.uk","1"),("Quinlan","Bruce","vel@nonummy.com","1"),("Raven","Flores","dictum.magna.Ut@parturientmontesnascetur.edu","1"),("Candace","Benson","ipsum.primis@erat.ca","1"),("Yoshi","Wheeler","semper.dui.lectus@euismodurna.org","1"),("Ulla","Ewing","neque.Nullam@veliteusem.ca","1"),("Holly","Pugh","Phasellus@eget.co.uk","1"),("William","Hutchinson","dictum.eu@Phasellusat.edu","1"),("Tanek","Massey","non.magna@Sed.com","1"),("Prescott","Hoover","dictum@semNullainterdum.org","1"),
("Axel","Head","Donec.elementum@elitpharetraut.org","1"),("Uriel","Wallace","Nulla.semper@Sed.edu","1"),("Bernard","Foreman","Vivamus.nisi.Mauris@Integer.co.uk","1"),("Kenyon","Rodgers","aliquet.Proin@enimnonnisi.net","1"),("Ava","Hayes","sapien.molestie.orci@lacus.co.uk","1"),("Shelly","Gillespie","laoreet@dignissimlacus.com","1"),("Cally","Hudson","risus@velitegestaslacinia.ca","1"),("Amaya","Nelson","adipiscing.lacus@semperetlacinia.ca","1"),("Shay","Pope","nec@Nulla.com","1"),("Nash","Bartlett","convallis@Suspendissesed.ca","1"),
("Jocelyn","Emerson","dolor.Quisque@venenatis.com","1"),("Rinah","Barrett","Nunc.sollicitudin.commodo@laciniaSedcongue.co.uk","1"),("Nyssa","Myers","convallis@condimentumDonec.net","1"),("Jeremy","Glover","nec@eget.ca","1"),("Adrienne","Ward","Vivamus.non@felis.ca","1"),("Marvin","Sherman","egestas.a@ac.edu","1"),("Carlos","Barrera","id.enim.Curabitur@Phasellusvitae.net","1"),("Halee","Shaffer","dolor.tempus.non@fermentumrisus.org","1"),("Jared","Doyle","turpis.vitae@gravidanonsollicitudin.co.uk","1"),("Cleo","Brooks","hendrerit.id.ante@Integervulputate.co.uk","1"),
("Dillon","Stark","ornare@enimmi.net","1"),("Mia","Collins","venenatis.lacus@pedesagittis.ca","1"),("Ivy","Simpson","amet.ornare.lectus@sem.ca","1"),("Ronan","Barnes","Etiam.laoreet@Nunc.net","1"),("Ferris","White","cursus@metusAliquamerat.edu","1"),("Marah","Valdez","vulputate.posuere.vulputate@tortorNunccommodo.net","1"),("Zorita","Campos","libero.Morbi.accumsan@montesnascetur.co.uk","1"),("Nadine","Wilkins","lacinia.orci.consectetuer@cubilia.net","1"),("Tamekah","Coffey","ultricies@ipsumSuspendisse.edu","1"),("Katelyn","Gutierrez","Mauris@aliquetvelvulputate.ca","1"),
("Ina","Bryan","nibh@egetvariusultrices.net","1"),("Hamilton","Castro","nisi.dictum.augue@justofaucibus.net","1"),("Imani","Arnold","sem@nec.co.uk","1"),("Plato","Crane","euismod.est.arcu@atlibero.net","1"),("Victor","Frazier","libero.Donec.consectetuer@ametnullaDonec.com","1"),("Joelle","Pugh","quis.pede.Suspendisse@nullaDonecnon.org","1"),("Carter","Holder","et.magnis.dis@nectempus.ca","1"),("Alexa","Fry","morbi@nibh.edu","1"),("Wynter","Kelley","quam.elementum@risusDuisa.com","1"),("Josephine","Riley","nunc.est.mollis@Aliquam.co.uk","1"),
("Asher","Kaufman","parturient.montes.nascetur@ipsum.net","1"),("Noah","Solomon","metus@urnaVivamus.net","1"),("Clinton","Larson","vitae.orci@feugiatSednec.co.uk","1"),("Magee","Rollins","erat.in.consectetuer@ipsum.co.uk","1"),("Uriah","Witt","posuere.vulputate.lacus@tortornibhsit.co.uk","1"),("Ashton","Vasquez","dictum@ultriciessem.com","1"),("Trevor","Mckenzie","Duis.mi.enim@metuseuerat.ca","1"),("Kendall","Cook","Pellentesque.ut@etcommodo.com","1"),("Rogan","Odonnell","felis.eget.varius@vestibulum.com","1"),("Jasmine","Mclaughlin","eget.lacus@neceleifendnon.com","1"),
("Ora","Key","nunc.nulla.vulputate@mollisnon.net","1"),("Clark","Byrd","parturient@Phasellusfermentum.co.uk","1"),("Carl","Burch","Cum@tincidunttempus.net","1"),("Justin","Navarro","adipiscing.enim.mi@mienimcondimentum.ca","1"),("Olivia","Gilbert","orci@risus.ca","1"),("Jin","Gallagher","non.quam.Pellentesque@tellussemmollis.org","1"),("Emily","Keith","augue.malesuada@malesuadautsem.com","1"),("Cairo","Hurst","eget.ipsum@liberoInteger.net","1"),("Hammett","Adkins","in.felis@laciniamattisInteger.co.uk","1"),("Gregory","Mccarty","nunc@ac.com","1"),
("Ray","Church","ante.Vivamus.non@Etiam.net","1"),("Helen","Whitaker","velit.in@euismodacfermentum.co.uk","1"),("Yoshio","Mosley","dictum.sapien@etnuncQuisque.net","1"),("Yoshio","Guthrie","rutrum.justo.Praesent@est.co.uk","1"),("Elliott","Robles","nisl.Nulla@eu.ca","1"),("Todd","Mccarthy","parturient@litoratorquentper.net","1"),("Kibo","Kramer","facilisis.lorem@a.ca","1"),("Hedda","Santos","nec@malesuadaid.co.uk","1"),("Elton","Humphrey","Suspendisse.non.leo@tinciduntadipiscingMauris.ca","1"),("Bert","Vega","et.arcu.imperdiet@adipiscing.ca","1"),
("Jillian","Myers","Duis.at@NullafacilisiSed.org","1"),("Marvin","Jordan","sem.mollis.dui@sedfacilisisvitae.net","1"),("Rebecca","Webster","Fusce@iaculisenimsit.ca","1"),("Dorothy","Sanders","dui.semper.et@consequat.org","1"),("Talon","Carpenter","In.ornare@Vivamussit.co.uk","1"),("Indira","Yates","iaculis.lacus@adui.net","1"),("Irma","Mcintosh","vel@lobortisrisus.co.uk","1"),("Hayes","Patrick","ut.quam@adipiscing.edu","1"),("Angelica","Carver","cursus@dui.edu","1"),("Tashya","Odom","non@fermentumarcu.net","1"),
("Hector","Russo","fringilla.ornare@blanditviverraDonec.net","1"),("Patience","Durham","gravida.sit@Nam.com","1"),("Laurel","Johnson","malesuada.id.erat@DonecegestasDuis.net","1"),("Jamalia","Decker","a@arcu.net","1"),("Kiona","Green","in@elit.co.uk","1"),("Chase","Mccullough","dictum.augue@indolorFusce.net","1"),("Rhoda","Goodman","amet.orci@tinciduntDonecvitae.edu","1"),("Iona","Page","neque.Morbi.quis@disparturient.ca","1"),("Deborah","Kline","Mauris.magna@enimSuspendisse.org","1"),("Jared","Ramos","sem.mollis.dui@Pellentesquehabitantmorbi.org","1"),
("Luke","Stanton","nisi@telluseuaugue.com","1"),("Russell","Marks","Donec.dignissim.magna@in.org","1"),("Gary","Lewis","ornare.libero@nonummyipsumnon.com","1"),("Germaine","Aguilar","est.vitae@estNunc.net","1"),("Beverly","Odonnell","magna.a@aauctor.ca","1"),("Asher","Mcneil","amet@aultriciesadipiscing.edu","1"),("Lane","Ray","ultrices@atsem.edu","1"),("Blake","Spencer","ut.quam.vel@dictum.edu","1"),("Jenna","Barber","tincidunt.tempus.risus@Suspendisse.co.uk","1"),("Jelani","Dillard","sit@porttitoreros.edu","1"),
("Dara","Fields","ultricies.adipiscing@risusDonecegestas.edu","1"),("Scott","Jacobs","massa.lobortis@vitaevelit.ca","1"),("Kelsey","Goodwin","magna.tellus.faucibus@sitametante.net","1"),("Adrienne","Kirby","Praesent.luctus.Curabitur@convallisligula.org","1"),("Jescie","Kemp","erat.semper@sedconsequat.org","1"),("Shana","Webb","massa.lobortis.ultrices@eleifendegestas.co.uk","1"),("Hakeem","Moody","purus.mauris.a@Phaselluselit.edu","1"),("Basil","Pollard","ac.fermentum@montes.edu","1"),("Ila","Wolfe","justo@egestasblanditNam.com","1"),("Jameson","Shaffer","Nunc@sagittis.com","1"),
("Tamara","Dawson","mi@Class.ca","1"),("Stephanie","Walter","Nunc@dolor.edu","1"),("Jasmine","Rowland","pede.Suspendisse@Cumsociis.ca","1"),("Jermaine","Heath","lorem@MorbivehiculaPellentesque.org","1"),("Paki","Oconnor","et.netus.et@iaculisaliquet.co.uk","1"),("Kellie","Lancaster","Cras.eu@Quisquepurus.edu","1"),("Jakeem","Sanchez","mollis@veliteget.com","1"),("Ursula","Chavez","velit.egestas@neque.ca","1"),("Mohammad","Le","dolor.Quisque@metusvitaevelit.com","1"),("Jonah","Mcfarland","ornare@libero.ca","1"),
("Noel","Humphrey","Duis.elementum.dui@nuncnulla.org","1"),("Lane","Boone","dolor.sit@vitaeorci.org","1"),("Beck","Slater","enim@rhoncusid.co.uk","1"),("Owen","Garza","porttitor.tellus@seddolor.com","1"),("Dieter","Olsen","ornare.placerat@massaVestibulum.co.uk","1"),("Rebecca","Roth","semper@Aliquam.net","1"),("Buffy","Espinoza","sodales.Mauris.blandit@dapibus.com","1"),("Thaddeus","Martinez","in@euelit.org","1"),("Thomas","Mcmillan","metus@Donecfeugiat.co.uk","1"),("Ishmael","Joyce","rutrum@ante.edu","1"),
("Ronan","Cleveland","libero.mauris@eget.co.uk","1"),("Amery","Mendoza","tempor.lorem@hendreritDonecporttitor.org","1"),("Akeem","Floyd","hendrerit.Donec@nullaDonecnon.edu","1"),("Wade","English","ut.cursus@a.org","1"),("Erasmus","Hull","congue@nullaCraseu.ca","1"),("Sheila","Sawyer","a.nunc.In@scelerisqueduiSuspendisse.ca","1"),("Thaddeus","Pratt","tellus@egestaslaciniaSed.edu","1"),("Ivana","Callahan","felis.Donec.tempor@Seddictum.net","1"),("Mona","Mcfadden","et.arcu@diam.edu","1"),("Naomi","Rivas","ipsum.dolor@a.org","1"),
("Beatrice","Raymond","Integer.tincidunt@nuncQuisque.co.uk","1"),("Burke","Miller","non.leo.Vivamus@ipsumdolorsit.org","1"),("Grace","Glenn","varius@Proinnon.org","1"),("Shelly","Carter","risus.In@Vivamusnisi.net","1"),("TaShya","Cantrell","egestas.a.dui@Nulla.co.uk","1"),("Iliana","Rush","mauris.ut.mi@loremlorem.com","1"),("Grace","Chen","sit.amet.nulla@adipiscingnonluctus.ca","1"),("Melanie","Durham","dictum.eleifend@mi.org","1"),("Fitzgerald","Montoya","nonummy.Fusce@adipiscingenim.org","1"),("Inga","Walls","massa.lobortis.ultrices@a.org","1"),
("Orli","Lester","Morbi@dictumeu.org","1"),("Helen","Welch","neque.pellentesque.massa@bibendum.ca","1"),("Cameron","Buchanan","egestas.Fusce.aliquet@eget.org","1"),("Keith","Dunlap","malesuada.fames.ac@pedemalesuadavel.net","1"),("Declan","Mccormick","Fusce.feugiat.Lorem@variusNamporttitor.ca","1"),("Holly","Cain","congue.turpis.In@pede.net","1"),("Lionel","Adams","sem.Nulla.interdum@sodales.com","1"),("Shad","Solomon","iaculis@pharetrafelis.edu","1"),("Callie","Christian","Cras.convallis.convallis@Quisquenonummy.com","1"),("Abigail","Chandler","dui.Suspendisse@nibhenimgravida.edu","1"),
("Jayme","Stewart","rhoncus.id.mollis@Quisquetincidunt.ca","1"),("September","Horne","lectus.Nullam@etmagnis.edu","1"),("Hilel","Love","tellus.justo.sit@odio.ca","1"),("Todd","Miller","egestas.lacinia@Lorem.org","1"),("Alyssa","Garza","dictum.mi.ac@id.ca","1"),("Noble","Travis","aliquet.sem.ut@vehicula.ca","1"),("Bert","Hines","velit@lacusQuisque.org","1"),("Alexandra","West","laoreet.ipsum@ridiculusmusDonec.ca","1"),("Hashim","Morrow","consectetuer@egestasrhoncus.net","1"),("Rama","Wilkinson","urna@dolor.net","1"),
("Harrison","Fisher","et.magna@tortor.ca","1"),("Briar","Turner","eu@convallisincursus.org","1"),("Davis","Petty","mollis.non.cursus@felisadipiscing.edu","1"),("Fitzgerald","Salinas","orci.Ut.semper@faucibusid.org","1"),("Kellie","Arnold","nunc@dignissim.net","1"),("Aiko","Wooten","ultrices.sit.amet@idnuncinterdum.org","1"),("Jemima","Sparks","tellus.Nunc.lectus@loremsemperauctor.net","1"),("Yasir","Mccormick","hendrerit@quisaccumsanconvallis.edu","1"),("Hyatt","Compton","Curabitur.vel.lectus@purus.ca","1"),("Lydia","Wolfe","Integer@ornaretortorat.co.uk","1"),
("MacKensie","Tucker","ligula@aliquamiaculis.ca","1"),("Hakeem","Hahn","amet@dui.net","1"),("Channing","Cortez","mi.Duis@vestibulum.org","1"),("Beau","Hess","natoque@Fuscediamnunc.net","1"),("Ryder","Ayala","velit@tortordictum.net","1"),("Carla","Salazar","Proin.nisl@eratvelpede.org","1"),("Gareth","Rollins","orci@ipsumnonarcu.com","1"),("Hamish","Patel","massa.Vestibulum.accumsan@Suspendisseacmetus.ca","1"),("Roth","Hartman","nec.luctus.felis@Morbisitamet.org","1"),("Erica","Stevenson","natoque@eunulla.org","1");



-- USER_PROFILES
INSERT INTO user_profiles (user_id,active,gender,birthday,created_at,hometown_id) VALUES 
(1,"1","female","1989-12-20","2019-09-07 12:12:08","3"),(2,"1","male","1993-04-07","2019-01-19 11:49:55","1"),(3,"1","male","1984-12-26","2019-09-14 15:20:35","1"),(4,"1","male","1992-02-26","2019-02-19 17:54:20","4"),(5,"1","male","1997-08-20","2019-10-12 20:42:51","3"),(6,"1","female","1977-01-25","2019-06-19 00:33:01","4"),(7,"1","female","1981-08-11","2019-12-02 21:38:03","2"),(8,"1","male","1991-05-23","2019-08-19 01:15:19","5"),(9,"1","male","1976-11-02","2019-08-13 16:03:43","5"),(10,"1","male","1991-03-10","2019-02-10 10:13:47","2"),
(11,"1","male","2001-04-24","2019-09-09 10:43:08","4"),(12,"1","female","2004-12-25","2019-08-18 15:37:09","5"),(13,"1","male","1974-12-06","2019-07-18 02:47:38","1"),(14,"1","female","1984-12-04","2019-12-01 23:42:31","2"),(15,"1","female","1974-04-30","2019-05-03 18:03:30","1"),(16,"1","female","1976-03-11","2019-05-11 00:59:10","5"),(17,"1","male","1990-05-06","2019-04-09 18:25:27","2"),(18,"1","male","1975-06-02","2019-04-03 05:59:00","2"),(19,"1","female","1993-08-29","2019-04-09 16:22:34","1"),(20,"1","male","1996-06-03","2019-04-27 05:57:44","2"),
(21,"1","male","1989-04-03","2019-03-08 07:15:53","4"),(22,"1","male","1984-05-21","2019-09-25 23:54:09","4"),(23,"1","male","1993-08-28","2019-05-13 17:34:16","1"),(24,"1","male","1985-12-14","2019-04-29 10:47:48","3"),(25,"1","male","2000-05-13","2019-10-06 08:57:22","5"),(26,"1","male","1995-02-24","2019-09-05 13:31:58","4"),(27,"1","male","1997-03-09","2019-02-17 21:23:39","1"),(28,"1","male","1991-08-08","2019-12-09 13:08:28","5"),(29,"1","female","1975-03-07","2019-02-13 08:06:08","3"),(30,"1","female","2005-10-06","2019-01-27 21:47:51","4"),
(31,"1","female","1982-06-05","2019-03-22 01:27:02","3"),(32,"1","male","1979-04-15","2019-07-11 01:20:01","1"),(33,"1","female","1996-09-04","2019-07-31 12:08:26","5"),(34,"1","male","2000-07-02","2019-01-20 17:39:42","2"),(35,"1","male","1983-01-15","2019-05-05 12:03:03","5"),(36,"1","female","1979-09-19","2019-12-18 04:38:56","4"),(37,"1","female","1999-11-12","2019-11-21 16:05:42","3"),(38,"1","female","1994-03-06","2019-05-10 14:49:28","5"),(39,"1","male","1982-06-01","2019-05-30 19:20:47","4"),(40,"1","male","1979-05-16","2019-06-17 11:51:56","5"),
(41,"1","male","1996-12-24","2019-12-28 12:44:29","2"),(42,"1","female","1976-10-18","2019-08-02 17:05:51","2"),(43,"1","male","1981-02-21","2019-01-21 20:32:20","5"),(44,"1","male","1991-10-08","2019-03-08 19:33:24","5"),(45,"1","female","2003-12-22","2019-05-29 22:31:56","1"),(46,"1","male","1980-03-29","2019-01-07 16:00:14","1"),(47,"1","female","2000-03-23","2019-10-01 21:34:44","4"),(48,"1","male","1983-05-01","2019-11-08 20:20:53","3"),(49,"1","female","1977-06-03","2019-02-08 15:42:54","2"),(50,"1","male","1990-11-27","2019-03-12 11:09:40","4"),
(51,"1","male","1998-09-06","2019-07-14 20:00:20","2"),(52,"1","male","1999-01-16","2019-06-10 01:41:18","1"),(53,"1","female","1977-04-17","2019-01-26 17:13:28","2"),(54,"1","female","1982-12-15","2019-05-30 16:04:20","1"),(55,"1","female","2004-08-13","2019-01-03 20:33:46","1"),(56,"1","female","1993-06-12","2019-06-19 22:51:08","1"),(57,"1","male","1998-03-25","2019-02-08 19:52:59","2"),(58,"1","female","1980-12-22","2019-04-06 09:26:13","5"),(59,"1","male","2001-12-07","2019-02-09 04:00:40","1"),(60,"1","male","2003-11-03","2019-04-30 22:03:39","3"),
(61,"1","female","1993-08-15","2019-01-31 10:56:52","5"),(62,"1","female","1989-01-06","2019-11-25 08:41:51","4"),(63,"1","male","2003-06-22","2019-02-06 03:04:45","4"),(64,"1","female","2001-07-06","2019-04-27 13:15:13","1"),(65,"1","male","1989-11-10","2019-11-24 21:04:10","3"),(66,"1","female","1982-05-03","2019-01-25 23:22:52","2"),(67,"1","female","1983-02-14","2019-06-26 09:34:22","2"),(68,"1","female","1991-09-04","2019-09-29 23:38:53","5"),(69,"1","male","2004-10-29","2019-01-28 06:35:13","5"),(70,"1","female","1999-12-01","2019-05-26 00:32:46","3"),
(71,"1","male","1993-06-06","2019-05-25 22:12:05","3"),(72,"1","female","1978-06-25","2019-07-12 22:57:33","2"),(73,"1","female","1979-07-13","2019-05-16 22:14:40","3"),(74,"1","female","1985-02-09","2019-11-12 17:07:25","2"),(75,"1","male","1992-08-28","2019-03-15 16:56:37","3"),(76,"1","male","1999-02-24","2019-04-07 14:55:29","4"),(77,"1","male","1984-05-24","2019-08-27 07:03:21","1"),(78,"1","female","1993-10-23","2019-05-03 16:05:02","5"),(79,"1","female","1988-06-21","2019-07-28 18:17:48","2"),(80,"1","male","1975-05-07","2019-03-12 10:05:10","3"),
(81,"1","female","1999-11-22","2019-04-05 19:56:22","5"),(82,"1","male","1994-05-17","2019-01-19 16:40:50","5"),(83,"1","male","1976-11-16","2019-02-26 20:23:02","3"),(84,"1","male","1986-10-07","2019-08-18 09:42:50","1"),(85,"1","male","1991-06-19","2019-04-22 04:40:45","3"),(86,"1","male","1982-12-27","2019-01-24 04:03:57","3"),(87,"1","female","1984-11-14","2019-04-30 17:50:01","5"),(88,"1","female","1993-05-30","2019-11-12 03:51:08","4"),(89,"1","female","2002-10-28","2019-07-27 09:27:45","1"),(90,"1","male","1977-11-08","2019-10-18 22:33:36","2"),
(91,"1","male","1993-09-24","2019-07-07 12:33:16","5"),(92,"1","male","1974-10-03","2019-07-18 06:54:03","2"),(93,"1","male","1980-10-08","2019-07-30 07:13:59","3"),(94,"1","male","1985-02-23","2019-10-14 15:10:41","3"),(95,"1","female","2005-08-04","2019-03-02 11:03:04","3"),(96,"1","female","1974-12-28","2019-11-27 10:51:31","2"),(97,"1","male","1975-01-30","2019-06-22 03:06:37","4"),(98,"1","male","1983-04-19","2019-12-25 15:03:53","4"),(99,"1","male","1985-03-12","2019-06-21 04:24:57","4"),(100,"1","male","1982-01-05","2019-02-23 08:06:00","5"),
(101,"1","female","1982-09-10","2019-07-09 14:38:57","5"),(102,"1","male","1981-01-22","2019-04-03 00:37:39","5"),(103,"1","female","1981-02-13","2019-10-05 11:57:45","3"),(104,"1","male","2005-07-08","2019-09-16 20:03:50","3"),(105,"1","female","1986-07-10","2019-01-23 05:44:09","5"),(106,"1","female","1989-08-14","2019-12-12 21:05:53","2"),(107,"1","female","1978-01-17","2019-10-05 23:22:57","2"),(108,"1","male","1978-12-23","2019-05-17 11:01:12","5"),(109,"1","male","1987-04-17","2019-09-30 09:30:23","1"),(110,"1","male","1982-06-27","2019-08-14 05:35:56","1"),
(111,"1","female","2001-10-16","2019-10-27 17:17:20","2"),(112,"1","male","1988-09-18","2019-06-27 21:26:28","1"),(113,"1","female","1981-05-29","2019-06-07 21:20:20","3"),(114,"1","female","1977-02-24","2019-10-26 09:24:15","1"),(115,"1","female","2005-11-11","2019-09-15 02:37:01","2"),(116,"1","male","1983-06-12","2019-08-18 10:41:35","3"),(117,"1","female","1984-06-06","2019-06-18 15:28:59","2"),(118,"1","male","2000-09-07","2019-04-14 20:16:43","3"),(119,"1","female","1999-04-26","2019-09-03 20:44:40","1"),(120,"1","female","1993-12-05","2019-07-13 03:32:51","3"),
(121,"1","male","1997-03-25","2019-03-23 14:50:22","2"),(122,"1","female","1977-09-24","2019-11-27 15:43:40","2"),(123,"1","female","1982-12-26","2019-06-03 05:02:26","3"),(124,"1","female","1995-06-03","2019-04-03 16:27:56","4"),(125,"1","female","1988-09-22","2019-09-07 10:54:42","1"),(126,"1","female","1979-10-04","2019-07-28 19:09:26","5"),(127,"1","female","1989-09-22","2019-06-20 11:16:05","1"),(128,"1","male","1983-03-30","2019-06-21 16:23:40","2"),(129,"1","female","1996-10-01","2019-05-05 00:00:25","5"),(130,"1","male","1994-09-28","2019-01-19 23:24:22","2"),
(131,"1","female","1987-09-02","2019-05-06 04:52:28","3"),(132,"1","male","1995-01-22","2019-06-15 18:29:28","2"),(133,"1","male","1997-07-28","2019-07-19 03:26:50","1"),(134,"1","female","1985-10-08","2019-04-24 09:39:34","2"),(135,"1","male","2005-05-26","2019-12-26 03:36:41","5"),(136,"1","female","1993-11-30","2019-10-07 00:56:37","5"),(137,"1","female","1979-12-24","2019-06-20 06:10:30","3"),(138,"1","male","1977-06-18","2019-02-06 13:09:30","3"),(139,"1","female","1996-12-23","2019-04-18 14:26:57","1"),(140,"1","female","1979-10-07","2019-09-19 09:15:31","2"),
(141,"1","female","1983-10-29","2019-09-11 02:58:01","1"),(142,"1","male","1998-04-07","2019-06-14 14:30:32","4"),(143,"1","male","2005-06-16","2019-02-03 09:18:36","1"),(144,"1","female","1978-08-11","2019-03-29 13:24:52","3"),(145,"1","female","1983-05-10","2019-01-04 18:19:36","2"),(146,"1","female","1998-04-02","2019-10-12 10:53:16","4"),(147,"1","female","2003-09-08","2019-02-05 06:08:07","1"),(148,"1","female","1994-08-09","2019-11-21 11:53:04","4"),(149,"1","male","1981-08-26","2019-05-04 18:30:11","3"),(150,"1","male","1996-09-21","2019-10-26 02:04:49","5"),
(151,"1","male","2000-01-23","2019-09-15 18:53:28","1"),(152,"1","male","1986-12-06","2019-04-14 05:16:10","2"),(153,"1","male","1983-12-02","2019-08-22 13:37:42","3"),(154,"1","male","1991-12-15","2019-10-21 01:35:24","4"),(155,"1","male","1995-03-23","2019-10-22 05:11:09","2"),(156,"1","male","2004-07-18","2019-05-17 22:38:08","2"),(157,"1","female","1982-04-04","2019-06-30 23:31:52","2"),(158,"1","male","1985-01-28","2019-11-16 13:51:36","3"),(159,"1","male","1982-04-29","2019-10-21 05:12:47","2"),(160,"1","female","2003-08-12","2019-04-26 19:40:01","4"),
(161,"1","male","2000-09-28","2019-09-23 13:57:56","5"),(162,"1","female","1980-02-26","2019-10-22 10:20:16","5"),(163,"1","male","2003-02-01","2019-09-19 08:32:24","2"),(164,"1","female","1987-01-01","2019-11-27 02:12:39","3"),(165,"1","female","1981-12-10","2019-01-19 22:42:27","4"),(166,"1","female","1990-12-20","2019-03-30 04:59:47","2"),(167,"1","male","1976-12-05","2019-03-28 09:20:40","3"),(168,"1","female","1994-01-24","2019-12-01 22:19:31","5"),(169,"1","female","1977-03-24","2019-04-12 19:51:55","1"),(170,"1","female","1981-06-28","2019-10-30 16:02:41","4"),
(171,"1","male","1979-11-30","2019-05-25 23:04:20","4"),(172,"1","female","1996-07-17","2019-03-24 06:28:37","3"),(173,"1","female","1977-08-28","2019-08-21 10:41:44","4"),(174,"1","male","1994-06-17","2019-07-24 18:16:10","2"),(175,"1","male","1997-05-29","2019-03-10 05:56:28","2"),(176,"1","male","1982-02-11","2019-09-21 09:04:32","5"),(177,"1","male","2005-01-26","2019-10-20 16:01:47","3"),(178,"1","male","1984-03-23","2019-06-09 19:51:17","4"),(179,"1","male","1980-03-26","2019-03-16 05:17:26","5"),(180,"1","male","1993-10-15","2019-03-16 02:49:56","4"),
(181,"1","female","1995-03-26","2019-07-12 16:16:35","3"),(182,"1","male","1984-06-16","2019-02-28 00:25:54","4"),(183,"1","male","1981-08-31","2019-06-06 16:23:24","1"),(184,"1","male","2002-01-19","2019-05-06 22:36:08","2"),(185,"1","female","1979-05-15","2019-10-31 15:06:42","1"),(186,"1","male","1975-01-01","2019-07-04 01:11:06","1"),(187,"1","female","1976-06-28","2019-05-17 13:36:18","5"),(188,"1","male","1994-04-01","2019-03-23 09:01:52","4"),(189,"1","female","1989-08-31","2019-01-05 20:32:45","4"),(190,"1","male","2005-03-06","2019-01-16 19:35:21","1"),
(191,"1","female","1999-10-24","2019-10-11 10:14:47","3"),(192,"1","female","1984-11-01","2019-02-23 07:47:44","2"),(193,"1","male","1999-06-21","2019-12-03 17:20:07","2"),(194,"1","female","1993-10-12","2019-01-27 09:59:29","1"),(195,"1","male","1994-03-18","2019-10-19 05:18:08","2"),(196,"1","male","1990-04-11","2019-04-27 12:54:33","2"),(197,"1","male","2001-12-02","2019-05-07 15:59:20","5"),(198,"1","female","1990-11-27","2019-08-12 01:04:25","3"),(199,"1","male","1976-02-22","2019-04-21 00:14:47","2"),(200,"1","male","1983-12-18","2019-11-11 11:05:35","5"),
(201,"1","male","2004-07-13","2019-01-04 13:49:16","5"),(202,"1","male","1987-05-19","2019-05-09 12:32:06","4"),(203,"1","male","1992-09-05","2019-09-09 05:51:39","5"),(204,"1","female","1989-12-03","2019-02-27 04:12:13","3"),(205,"1","male","1990-12-17","2019-11-26 05:01:39","2"),(206,"1","male","1992-09-05","2019-05-20 14:56:05","4"),(207,"1","male","1976-06-24","2019-02-13 10:42:33","2"),(208,"1","male","1990-06-20","2019-01-27 08:45:57","3"),(209,"1","male","1999-06-19","2019-07-22 00:53:38","1"),(210,"1","male","2002-01-21","2019-07-06 20:11:10","1"),
(211,"1","male","1975-02-26","2019-06-05 16:15:12","4"),(212,"1","female","1994-10-14","2019-03-15 13:01:52","3"),(213,"1","female","2005-08-29","2019-09-06 01:07:07","2"),(214,"1","female","2000-07-05","2019-05-11 10:42:48","5"),(215,"1","male","1999-03-14","2019-11-17 19:16:59","1"),(216,"1","male","1991-09-08","2019-07-28 00:03:01","5"),(217,"1","female","1996-12-25","2019-07-12 22:34:36","3"),(218,"1","female","2005-04-29","2019-04-11 10:37:14","5"),(219,"1","male","1996-04-10","2019-03-31 14:33:11","1"),(220,"1","female","1976-05-29","2019-02-14 11:29:52","5"),
(221,"1","female","1997-02-25","2019-03-20 19:21:10","1"),(222,"1","male","1978-04-22","2019-12-08 12:07:13","5"),(223,"1","female","1981-09-25","2019-12-01 00:52:54","2"),(224,"1","female","2003-12-30","2019-05-23 11:26:07","3"),(225,"1","female","1976-04-19","2019-01-23 07:19:00","2"),(226,"1","female","1998-08-27","2019-12-26 19:38:53","3"),(227,"1","male","2004-11-02","2019-04-20 01:15:53","5"),(228,"1","male","1989-03-03","2019-08-20 22:40:03","1"),(229,"1","male","1978-02-17","2019-11-17 03:54:25","3"),(230,"1","female","1974-06-24","2019-08-16 20:38:34","2"),
(231,"1","male","1983-09-28","2019-01-07 01:58:40","3"),(232,"1","male","1989-09-16","2019-09-13 19:52:00","1"),(233,"1","male","2002-02-26","2019-08-29 20:36:41","5"),(234,"1","male","2000-07-11","2019-08-19 18:35:53","3"),(235,"1","female","1990-08-10","2019-09-16 09:03:46","3"),(236,"1","male","1981-08-15","2019-07-07 10:06:51","1"),(237,"1","male","1997-09-23","2019-06-01 20:00:26","4"),(238,"1","female","1990-08-06","2019-04-30 14:51:35","5"),(239,"1","male","1991-03-12","2019-04-10 02:54:42","1"),(240,"1","male","1993-12-01","2019-05-09 18:03:12","3"),
(241,"1","female","1979-06-28","2019-11-09 17:41:41","1"),(242,"1","male","1974-01-21","2019-08-21 03:03:38","4"),(243,"1","female","1987-09-21","2019-10-31 04:34:15","2"),(244,"1","female","2002-11-02","2019-10-15 02:48:55","4"),(245,"1","male","1974-03-02","2019-08-17 12:51:18","3"),(246,"1","male","2004-03-26","2019-12-16 15:45:32","4"),(247,"1","female","1996-08-21","2019-06-19 05:57:09","1"),(248,"1","female","1977-07-19","2019-04-13 16:18:08","5"),(249,"1","male","1980-05-30","2019-06-20 20:10:21","4"),(250,"1","female","1981-08-29","2019-11-26 15:14:15","2"),
(251,"1","female","1991-08-06","2019-11-24 17:14:52","2"),(252,"1","female","2000-05-07","2019-08-25 19:30:31","5"),(253,"1","male","1980-06-23","2019-09-10 23:16:57","3"),(254,"1","male","1974-07-08","2019-04-16 01:52:02","5"),(255,"1","male","1977-02-15","2019-07-10 00:40:58","5"),(256,"1","female","1991-09-22","2019-04-13 19:41:25","4"),(257,"1","male","1979-06-09","2019-03-25 14:51:40","3"),(258,"1","male","1994-12-04","2019-06-04 06:56:48","3"),(259,"1","female","2000-05-16","2019-04-04 12:53:24","5"),(260,"1","female","1989-05-03","2019-11-16 09:15:43","2"),
(261,"1","female","1998-12-23","2019-09-02 12:03:51","2"),(262,"1","female","1989-07-06","2019-08-09 22:42:08","1"),(263,"1","male","2004-09-17","2019-05-02 09:58:39","3"),(264,"1","female","1991-04-02","2019-01-26 06:03:04","1"),(265,"1","female","2001-07-30","2019-03-27 00:10:37","1"),(266,"1","female","1996-08-01","2019-01-11 08:34:33","3"),(267,"1","male","1991-02-03","2019-06-06 00:37:35","3"),(268,"1","female","1991-03-27","2019-08-17 20:51:46","4"),(269,"1","female","1987-08-22","2019-05-25 11:00:43","1"),(270,"1","female","1996-12-11","2019-12-05 07:32:29","1"),
(271,"1","female","1981-10-31","2019-09-20 07:40:15","2"),(272,"1","male","1991-01-22","2019-08-26 15:53:33","2"),(273,"1","female","1991-03-26","2019-09-11 14:20:18","4"),(274,"1","female","1978-07-06","2019-09-21 04:27:48","4"),(275,"1","male","2001-09-10","2019-06-29 16:58:19","3"),(276,"1","male","1986-03-03","2019-01-03 19:00:39","4"),(277,"1","female","1996-03-23","2019-06-09 23:37:54","1"),(278,"1","male","2002-12-29","2019-07-18 18:12:10","1"),(279,"1","female","1974-12-07","2019-07-05 21:17:40","5"),(280,"1","female","1996-03-18","2019-10-14 08:55:53","1"),
(281,"1","female","1989-12-08","2019-06-28 00:47:48","4"),(282,"1","female","1999-11-02","2019-05-18 02:25:40","1"),(283,"1","female","1979-07-30","2019-10-10 10:23:16","1"),(284,"1","male","1976-05-06","2019-12-03 05:16:38","5"),(285,"1","female","2001-08-27","2019-09-27 14:43:47","3"),(286,"1","female","1982-11-14","2019-09-26 01:53:21","1"),(287,"1","female","1999-07-30","2019-07-02 04:22:07","2"),(288,"1","female","1990-12-31","2019-04-14 07:43:49","1"),(289,"1","male","1997-02-20","2019-11-04 22:33:15","3"),(290,"1","female","1998-11-14","2019-04-30 10:54:04","4"),
(291,"1","female","1987-02-12","2019-08-16 21:28:29","2"),(292,"1","female","1984-09-27","2019-11-24 07:17:25","1"),(293,"1","male","1974-03-23","2019-05-15 03:44:59","1"),(294,"1","male","1988-08-09","2019-06-11 14:36:41","5"),(295,"1","female","1977-03-06","2019-10-12 11:41:10","4"),(296,"1","female","1993-08-15","2019-08-20 02:16:05","4"),(297,"1","female","1994-08-10","2019-06-30 13:12:35","1"),(298,"1","male","1988-11-04","2019-09-28 15:32:30","3"),(299,"1","male","1995-06-15","2019-02-26 21:04:23","4"),(300,"1","female","1989-10-17","2019-04-03 05:38:30","4"),
(301,"1","male","1986-02-23","2019-01-23 13:40:36","1"),(302,"1","female","1983-10-22","2019-06-12 20:51:04","5"),(303,"1","male","1983-04-04","2019-04-24 19:43:20","5"),(304,"1","male","1982-10-04","2019-03-05 20:05:41","4"),(305,"1","male","1979-03-25","2019-01-01 12:53:34","2"),(306,"1","male","1993-02-17","2019-04-21 14:27:00","4"),(307,"1","male","1980-03-25","2019-01-17 02:37:56","3"),(308,"1","female","1980-01-12","2019-01-28 15:16:49","5"),(309,"1","male","2000-07-15","2019-11-06 02:02:53","3"),(310,"1","male","1975-09-01","2019-12-10 00:58:45","2"),
(311,"1","female","2001-05-07","2019-05-05 17:01:33","1"),(312,"1","female","1974-05-20","2019-12-28 18:27:54","4"),(313,"1","female","1994-08-31","2019-09-19 07:41:47","3"),(314,"1","female","1975-06-24","2019-11-01 07:37:20","2"),(315,"1","female","2000-04-24","2019-03-31 12:06:22","4"),(316,"1","male","1983-03-26","2019-03-27 02:16:50","5"),(317,"1","male","1991-01-23","2019-10-15 23:23:09","2"),(318,"1","female","2000-06-27","2019-03-17 05:49:03","4"),(319,"1","female","1985-01-22","2019-01-16 12:46:49","5"),(320,"1","female","1985-10-09","2019-08-05 03:44:57","2"),
(321,"1","female","1982-12-05","2019-08-21 13:21:13","3"),(322,"1","male","1996-07-06","2019-08-14 20:53:36","3"),(323,"1","female","1987-02-15","2019-02-22 11:04:37","1"),(324,"1","female","2004-04-24","2019-07-10 20:06:15","5"),(325,"1","male","1976-04-07","2019-07-14 23:14:11","4"),(326,"1","male","1991-09-21","2019-11-17 01:53:01","4"),(327,"1","male","1990-03-05","2019-12-14 22:24:19","4"),(328,"1","female","1979-02-21","2019-05-20 05:00:22","4"),(329,"1","male","2005-09-08","2019-04-23 01:34:32","3"),(330,"1","female","1976-03-06","2019-09-19 04:39:38","4"),
(331,"1","female","1995-02-28","2019-08-07 00:23:24","3"),(332,"1","female","1988-06-04","2019-05-20 05:03:38","2"),(333,"1","female","2002-10-29","2019-02-05 05:58:26","1"),(334,"1","male","2000-02-06","2019-05-22 14:13:00","3"),(335,"1","male","1986-04-14","2019-09-02 06:22:14","2"),(336,"1","female","1980-07-26","2019-06-25 23:59:41","5"),(337,"1","female","1988-01-18","2019-12-19 01:30:47","5"),(338,"1","male","1994-11-10","2019-03-11 08:52:54","5"),(339,"1","male","1991-05-02","2019-03-19 15:31:18","5"),(340,"1","male","1998-11-24","2019-09-11 06:15:27","2"),
(341,"1","male","2000-12-30","2019-05-17 19:15:29","2"),(342,"1","female","2005-07-09","2019-12-01 10:10:26","1"),(343,"1","male","1979-10-16","2019-06-05 16:03:06","5"),(344,"1","female","1991-12-08","2019-02-27 08:50:39","5"),(345,"1","female","1986-03-01","2019-06-10 21:10:04","1"),(346,"1","male","1987-01-16","2019-06-09 09:02:56","1"),(347,"1","female","1991-01-06","2019-05-05 03:45:56","4"),(348,"1","male","1974-01-21","2019-04-16 12:46:06","4"),(349,"1","female","1981-05-26","2019-04-09 14:07:16","2"),(350,"1","male","1980-02-08","2019-08-26 23:38:12","2"),
(351,"1","male","1991-01-12","2019-03-20 19:34:53","1"),(352,"1","female","1990-07-28","2019-12-12 00:04:08","4"),(353,"1","male","2001-04-09","2019-12-17 12:07:22","4"),(354,"1","male","1987-10-10","2019-09-13 23:52:42","2"),(355,"1","male","1984-10-08","2019-02-15 03:57:34","4"),(356,"1","female","1985-09-11","2019-08-25 02:42:47","2"),(357,"1","male","1984-09-08","2019-08-22 16:25:11","3"),(358,"1","female","1996-08-24","2019-02-28 23:37:49","1"),(359,"1","female","1978-04-11","2019-07-16 01:28:39","1"),(360,"1","female","1984-12-01","2019-06-14 03:54:20","1"),
(361,"1","male","1991-05-20","2019-06-19 04:55:11","4"),(362,"1","male","2004-06-26","2019-09-16 21:38:10","1"),(363,"1","male","1994-10-09","2019-11-22 15:51:19","4"),(364,"1","female","1979-06-18","2019-03-23 08:42:17","1"),(365,"1","female","2003-07-11","2019-09-11 19:19:05","2"),(366,"1","male","2002-08-28","2019-03-29 01:03:48","3"),(367,"1","male","1986-01-01","2019-09-03 21:31:59","1"),(368,"1","male","1980-05-23","2019-04-01 08:15:18","3"),(369,"1","female","1975-07-26","2019-06-14 03:00:57","2"),(370,"1","female","1991-03-21","2019-01-17 04:46:31","1"),
(371,"1","female","1990-03-08","2019-06-21 00:52:04","3"),(372,"1","male","1986-05-05","2019-01-13 07:27:04","2"),(373,"1","female","1995-06-18","2019-05-11 16:23:29","4"),(374,"1","female","1992-01-02","2019-04-26 04:59:48","3"),(375,"1","male","2000-02-08","2019-02-23 11:20:42","5"),(376,"1","female","1980-11-03","2019-05-31 19:18:13","5"),(377,"1","female","1975-01-26","2019-08-27 10:28:09","1"),(378,"1","female","2004-01-25","2019-06-09 10:40:47","5"),(379,"1","female","1986-12-17","2019-07-15 06:58:32","4"),(380,"1","female","2002-06-11","2019-05-27 09:27:10","2"),
(381,"1","female","1982-10-25","2019-12-27 03:38:47","3"),(382,"1","male","1990-08-13","2019-04-12 00:08:51","3"),(383,"1","male","2003-08-02","2019-03-21 22:04:22","4"),(384,"1","female","1992-07-12","2019-10-14 11:47:02","5"),(385,"1","female","1985-08-22","2019-03-22 10:16:19","2"),(386,"1","female","2002-05-24","2019-11-06 00:23:50","1"),(387,"1","male","1994-01-20","2019-01-18 18:26:18","2"),(388,"1","male","1998-11-26","2019-02-06 21:49:51","4"),(389,"1","female","1998-07-20","2019-01-13 22:17:33","3"),(390,"1","male","1986-09-24","2019-11-26 05:39:42","3"),
(391,"1","female","1990-10-24","2019-12-16 01:17:07","3"),(392,"1","female","1982-07-23","2019-06-10 06:31:29","1"),(393,"1","male","2005-10-01","2019-09-12 11:11:38","4"),(394,"1","male","2005-02-18","2019-12-06 13:07:42","4"),(395,"1","male","1987-01-29","2019-03-29 04:24:59","3"),(396,"1","male","2004-03-11","2019-04-19 12:30:24","1"),(397,"1","female","1998-10-10","2019-12-24 10:40:49","4"),(398,"1","female","1994-04-25","2019-02-25 12:25:12","2"),(399,"1","male","1985-04-02","2019-12-22 03:37:14","3"),(400,"1","female","1976-03-24","2019-05-29 12:21:29","4");

-- SKILLS with categories
INSERT INTO skills (category_id, skill) VALUES
(1,'Computer diagnostic and repair'),
(1,'Mac OS Configuration'),
(1,'Computer upgrade'),
(1,'Computer speedup (tune up)'),
(1,'Data recovery'),
(1,'Backup system Set Up'),
(1,'Network security hardening'),
(1,'Data storage system Set Up'),
(1,'Network configuration and setup'),
(1,'Operating system installation'),
(1,'General IT services'),
(2,'Portrait Photography'),
(2,'Event Photography'),
(2,'LifeStype Photography'),
(2,'Product Photography'),
(2,'Industrial Photography'),
(2,'Boudoir Photography'),
(2,'Baby Photography'),
(2,'Pet Photography'),
(2,'Videography'),
(2,'General Photography Services'),
(3,'Face treatments'),
(3,'Hair removal'),
(3,'Hair salon'),
(3,'Makeup / Lashes / Brows'),
(3,'Medical SPA'),
(3,'Nails treatment'),
(3,'Tanning'),
(3,'Tattoo / Piercing'),
(3,'Landscaping and design'),
(3,'Fitness Trainer'),
(4,'Taxi service'),
(4,'Limousine service'),
(4,'Bicycle rental'),
(4,'Trucking'),
(4,'Moving'),
(4,'Hazardous Material Transportation'),
(4,'Livestock transportation'),
(4,'Boat transportation'),
(4,'Junk Removal'),
(4,'Medical transportation'),
(5,'Designing'),
(5,'Building'),
(5,'Remodeling'),
(5,'Demolition'),
(5,'Plumbing'),
(5,'Electrical'),
(5,'Flooring'),
(5,'Dry walls'),
(5,'Painting'),
(5,'Roofing'),
(5,'Windows / doors'),
(5,'Furniture / Cabinets'),
(5,'Interiour Design'),
(5,'Landscaping'),
(5,'General Construction Services'),
(6,'Vehicle Repair'),
(6,'Dry walls Repair'),
(6,'Loksmith'),
(6,'Furniture assembly'),
(6,'Carpentry'),
(6,'Installation'),
(6,'Maintenance'),
(6,'Repair'),
(6,'Windows'),
(6,'General HandyMan Services'),
(7,'Residential Cleaning'),
(7,'Carpet Cleaning'),
(7,'Commercial Cleaning'),
(7,'Maid Services'),
(7,'Post Construction Cleaning'),
(7,'Disaster Recovery'),
(7,'Commercial Cleaning'),
(7,'Crime Scene Cleaning'),
(7,'Eco-friendly Cleaning'),
(7,'General Cleaning Services'),
(8,'Wedding Planner'),
(8,'Birthday Planner'),
(8,'Funeral Planner'),
(8,'Moving Planner'),
(8,'Vacation Planner'),
(8,'Travel Planner'),
(9,'English Tutor'),
(9,'Math Tutor'),
(9,'Chemistry Tutor'),
(9,'Science Tutor'),
(9,'Life Coach'),
(9,'Piano Tutor'),
(9,'Violine Tutor'),
(9,'Cello Tutor'),
(9,'Public Speaking Coach'),
(9,'Meditation Coach'),
(10,'Inner City Standard Courier Service'),
(10,'Cross City Standard Courier Service'),
(10,'International Courier Service'),
(10,'Drone Courier Delivery'),
(10,'Secure Courier Delivery'),
(10,'Overnight Courier Delivery'),
(10,'Pallet Courier Service'),
(10,'Same Day Express Courier'),
(10,'Hazardous Materials Courier'),
(10,'General Courier Services');

-- CONTRACTOR SKILLS
INSERT INTO contractor_skills (contractor_id,skill_id) VALUES
(91,1),(92,2),(93,3),(94,4),(95,5),(96,6),(97,7),(98,8),(99,9),(100,10),(101,11),(102,1),(103,2),(104,3),(105,4),
(106,5),(107,6),(108,7),(109,8),(110,9),(111,10),(112,11),(113,1),(114,2),(115,3),(116,4),(117,5),(118,6),(119,7),
(120,8),(121,9),(122,10),(123,12),(124,13),(125,14),(126,15),(127,16),(128,17),(129,18),(130,19),(131,20),(132,21),
(133,12),(134,13),(135,14),(136,15),(137,16),(138,17),(139,18),(140,19),(141,20),(142,21),(143,12),(144,13),(145,14),
(146,15),(147,16),(148,17),(149,18),(150,19),(151,20),(152,21),(153,12),(154,22),(155,23),(156,24),(157,25),(158,26),
(159,27),(160,28),(161,29),(162,30),(163,31),(164,23),(165,24),(166,25),(167,26),(168,27),(169,28),(170,29),(171,30),
(172,31),(173,23),(174,24),(175,25),(176,26),(177,27),(178,28),(179,29),(180,30),(181,31),(182,26),(183,28),(184,29),
(185,32),(186,33),(187,34),(188,35),(189,36),(190,37),(191,38),(192,39),(193,40),(194,41),(195,32),(196,33),(197,34),
(198,35),(199,36),(200,37),(201,38),(202,39),(203,40),(204,41),(205,32),(206,33),(207,34),(208,35),(209,36),(210,37),
(211,38),(212,39),(213,40),(214,41),(215,35),(216,42),(217,43),(218,44),(219,45),(220,46),(221,47),(222,48),(223,49),
(224,50),(225,51),(226,52),(227,53),(228,54),(229,55),(230,56),(231,43),(232,44),(233,45),(234,46),(235,47),(236,48),
(237,49),(238,50),(239,51),(240,52),(241,53),(242,54),(243,55),(244,56),(245,50),(246,51),(247,57),(248,58),(249,59),
(250,60),(251,61),(252,62),(253,63),(254,64),(255,65),(256,66),(257,57),(258,58),(259,59),(260,60),(261,61),(262,62),
(263,63),(264,64),(265,65),(266,66),(267,57),(268,58),(269,59),(270,60),(271,61),(272,62),(273,63),(274,64),(275,65),
(276,66),(277,62),(278,67),(279,68),(280,69),(281,70),(282,71),(283,72),(284,73),(285,74),(286,75),(287,76),(288,67),
(289,68),(290,69),(291,70),(292,71),(293,72),(294,73),(295,74),(296,75),(297,76),(298,67),(299,68),(300,69),(301,70),
(302,71),(303,72),(304,73),(305,74),(306,75),(307,76),(308,69),(309,77),(310,78),(311,79),(312,80),(313,81),(314,82),
(315,77),(316,78),(317,79),(318,80),(319,81),(320,82),(321,77),(322,78),(323,79),(324,80),(325,81),(326,82),(327,77),
(328,78),(329,79),(330,80),(331,81),(332,82),(333,77),(334,78),(335,79),(336,80),(337,81),(338,82),(339,80),(340,83),
(341,84),(342,85),(343,86),(344,87),(345,88),(346,89),(347,90),(348,91),(349,92),(350,83),(351,84),(352,85),(353,86),
(354,87),(355,88),(356,89),(357,90),(358,91),(359,92),(360,83),(361,84),(362,85),(363,86),(364,87),(365,88),(366,89),
(367,90),(368,91),(369,92),(370,84),(371,93),(372,94),(373,95),(374,96),(375,97),(376,98),(377,99),(378,100),(379,101),
(380,102),(381,93),(382,94),(383,95),(384,96),(385,97),(386,98),(387,99),(388,100),(389,101),(390,102),(391,93),(392,94),
(393,95),(394,96),(395,97),(396,98),(397,99),(398,100),(399,101),(400,102);

-- ALL PROJECTS
INSERT INTO projects (status_id, required_at, valid_until, creator_id, location_id, category_id, description) VALUES
(1,'2020-01-15','2020-01-15',7,2,7,'Need a 1 time cleaning service in a warehouse 6000 sq.feets'),
(1,'2020-01-15','2020-04-15',10,2,3,'Wedding hair dresser required on 15th of January'),
(1,'2020-01-15','2020-04-15',14,2,7,'Looking for contractor to clean office area 3000 sq.f.'),
(1,'2020-01-15','2020-04-15',17,2,9,'English tutor needed for a teenage boy: ESL exam'),
(1,'2020-01-15','2020-04-20',18,2,8,'Wedding planned required'),
(1,'2020-01-15','2020-04-21',20,2,10,'Required Delivery service around the city - twice a week. 3 months contract'),
(1,'2020-01-15','2020-03-24',34,2,1,'IT support required for a home office. Hourly pay 20$'),
(1,'2020-01-15','2020-03-25',41,2,10,'Nuclear waste transportation required. Contract. '),
(1,'2020-01-15','2020-03-26',48,3,7,'Post-construction cleaning job: 1 time. Private apartment.'),
(1,'2020-01-15','2020-03-16',60,3,6,'Drywall repair required. Some painting and corners fixing'),
(1,'2020-01-15','2020-03-17',65,3,10,'Pizza delivery job - contract for 1 months'),
(1,'2020-01-15','2020-03-18',70,3,8,'Birthday event for 5 y.o. girl. URGENT'),
(1,'2020-01-15','2020-02-19',71,3,5,'A dog house need to be built. Private household.'),
(1,'2020-01-15','2020-02-20',73,3,7,'Lawn mover - 3..4 times. About 500 sq. feet'),
(1,'2020-01-15','2020-02-21',75,3,7,'Tree removal: 3 old oaks need to be removed from a backyard'),
(1,'2020-01-15','2020-02-22',80,3,1,'Windows XP to Win 7 upgrade required. 120 computers.'),
(1,'2020-01-15','2020-03-23',83,3,2,'Portrait photographer required: need portraits of all employees (15) for LinkedIn accounts'),
(1,'2020-01-15','2020-03-24',1,3,5,'Garage builders required. 2 car garage in an urban area'),
(1,'2020-01-15','2020-03-25',4,4,2,'Wedding photographer required. Professionals only please.'),
(1,'2020-01-15','2020-03-26',6,4,3,'Personal trainer required. Need to loose 30 pounds.'),
(1,'2020-01-16','2020-04-25',11,4,5,'A dog house need to be built. Dog is 2m long, 1m wide, and 1m tall'),
(1,'2020-01-17','2020-04-26',21,4,3,'Urgently need makeup artist for cat. SERIOUS BUSINESS INQUIERIES ONLY!!!'),
(1,'2020-01-18','2020-04-18',22,4,2,'Need photographer for chair photoshoot'),
(1,'2020-01-19','2020-04-19',26,4,9,'Need someone to help reteach parrot after son taught it bad words'),
(1,'2020-01-20','2020-05-20',30,4,2,'Proffesional Bar mitzvah photographer needed. '),
(1,'2020-01-21','2020-05-21',36,4,2,'Experienced yearbook photographer requested for photos at East High School'),
(1,'2020-01-22','2020-05-22',39,4,9,'A fluent Mandarin teacher needed to teach class of 10-15 students.'),
(1,'2020-01-23','2020-05-23',40,5,3,'Canine weight loss specialist required to help my overweight puppy lose 8 pounds.'),
(1,'2020-01-24','2020-04-24',43,5,4,'Limo driver needed to drive family to funeral'),
(1,'2020-01-25','2020-04-25',44,5,2,'Experienced animal photographer requested to take headshots of my dog.'),
(1,'2020-01-26','2020-04-26',58,5,8,'dance organizer needed for St. Mary School prom on Feb. 10th.'),
(1,'2020-02-14','2020-04-14',61,5,9,'Knot tying expert needed for boy scouts annual gymboree.'),
(1,'2020-01-19','2020-03-20',68,5,6,'Clogged toilet that needs a strong handyman with experience.'),
(1,'2020-01-20','2020-03-21',69,5,9,'Driving instructor needed at Glenn Coco High School for 2-3 months.'),
(1,'2020-01-21','2020-03-24',78,5,7,'Proffesional carpet cleaner needed to clean big red stains on carpet. No questions asked.'),
(1,'2020-01-22','2020-03-25',81,5,4,'Reliable bus driver needed to drive hockey team to Saskatchewan.'),
(1,'2020-02-01','2020-02-21',82,5,10,'New UPS truck driver required for 6 months of service.'),
(1,'2020-02-02','2020-02-22',87,5,1,'NEED IT SERVICES URGENTLY TO UNSTICK CAPS LOCK'),
(1,'2020-02-03','2020-02-23',2,1,9,'Karate teacher needed for 7 y.o. boy'),
(1,'2020-02-04','2020-02-24',3,1,5,'Tree house to build. On  Weekends'),
(1,'2020-02-05','2020-02-25',13,1,4,'Motorcycle transportation from China.'),
(1,'2020-02-06','2020-02-26',15,1,9,'Downhill skii tutor needed. No skills what so ever'),
(1,'2020-02-07','2020-02-27',19,1,9,'Tango mail instructor needed.'),
(1,'2020-02-08','2020-02-28',23,1,9,'Diving coach to prepare 15y.o. girl for a diving competition'),
(1,'2020-02-09','2020-02-29',27,1,7,'Waste yard cleaners required, PPE will be provided.'),
(1,'2020-02-10','2020-02-10',32,1,2,'Photography instructor needed. Professional camera is a MUST'),
(1,'2020-02-11','2020-02-11',45,1,2,'Looking for experienced Nu ptotographer'),
(1,'2020-02-12','2020-02-12',46,1,10,'Need to transport some construction materials. 30 km from the city'),
(1,'2020-01-15','2020-03-17',52,1,10,'Legal drugs delivery across the border. About 2 kilos. Please text.'),
(1,'2020-01-16','2020-03-18',54,1,9,'Public speaking tuutor required'),
(1,'2020-01-17','2020-03-19',55,1,6,'Minor car epair needed'),
(1,'2020-01-29','2020-03-29',56,1,9,'Dog trainer needed. 4 y.o. French bulldog'),
(1,'2020-01-30','2020-03-30',59,1,7,'House cleaning service needed. 1 bedroom apartment. 3 times per week'),
(1,'2020-01-31','2020-03-31',64,1,4,'Live stock (2 cows) need to be transported to Kiev'),
(1,'2020-02-19','2020-02-19',77,1,8,'Birthday party. 16 y.o. girl. Need a cool party to be organized.'),
(1,'2020-02-20','2020-02-20',84,1,5,'Bathroom Renovation required'),
(1,'2020-02-21','2020-02-21',89,1,2,'Need to restore some old photos (2 shoe boxes)');


-- PROJECTS WITH OPEN STATUS
UPDATE projects	SET location_id=1, status_id=2, category_id=7, contractor_id=280	WHERE projects.id=45;
UPDATE projects	SET location_id=1, status_id=2, category_id=8, contractor_id=333	WHERE projects.id=55;
UPDATE projects	SET location_id=2, status_id=2, category_id=7, contractor_id=305	WHERE projects.id=3;
UPDATE projects	SET location_id=2, status_id=2, category_id=1, contractor_id=107	WHERE projects.id=7;
UPDATE projects	SET location_id=3, status_id=2, category_id=8, contractor_id=322	WHERE projects.id=12;
UPDATE projects	SET location_id=3, status_id=2, category_id=2, contractor_id=123	WHERE projects.id=17;
UPDATE projects	SET location_id=4, status_id=2, category_id=2, contractor_id=146	WHERE projects.id=19;
UPDATE projects	SET location_id=4, status_id=2, category_id=2, contractor_id=124	WHERE projects.id=25;
UPDATE projects	SET location_id=5, status_id=2, category_id=4, contractor_id=200	WHERE projects.id=29;
UPDATE projects	SET location_id=5, status_id=2, category_id=6, contractor_id=255	WHERE projects.id=33;


-- PROJECTS WITH CLOSED STATUS
UPDATE projects	SET location_id=2, status_id=3, category_id=1, contractor_id=107	WHERE projects.id=7;
UPDATE projects	SET location_id=4, status_id=3, category_id=2, contractor_id=146	WHERE projects.id=19;
UPDATE projects	SET location_id=1, status_id=3, category_id=7, contractor_id=280	WHERE projects.id=45;
UPDATE projects	SET location_id=5, status_id=3, category_id=6, contractor_id=255	WHERE projects.id=33;
UPDATE projects	SET location_id=4, status_id=3, category_id=2, contractor_id=124	WHERE projects.id=25;
UPDATE projects	SET location_id=4, status_id=3, category_id=2, contractor_id=146	WHERE projects.id=23;

-- FEEDBACK FROM THE CLIENTS
INSERT INTO reviews (project_id, rating_id, comment) VALUES
(7,5,"Exellent job! Love it! Better than expected!"),
(19,4,"Really good job. As advertized! Will use his service again!"),
(25,3,"The job is OK. Not exactly what I was hoping to get, however I can live with this."),
(33,2,"This is a scum! If you need an overpriced and underperformed contractor, call him!"),
(45,4,"Nice work. I can definitely recommend this contractor!");

-- MESSAGES

INSERT INTO messages (from_user_id, to_user_id, body) VALUES
(305, 14, 'Hey, when do you need this to be done?'),
(14, 305, 'Hello. Within the next few days and then every Thursday night'),
(305, 14, 'OK, are there any requirements for the workers?'),
(14, 305, 'Yes, females only, criminal check and WCB insurance'),
(305, 14, 'Wow, what would bethe pay?'),
(14, 305, '300$ per occasion.'),
(107, 34, 'Hi. What ind of support do you need?'),
(34, 107, 'Hi, I`ve cought a virus I believe. Need to be fixed.'),
(107, 34, 'What OS are You on?'),
(34, 107, 'What is OS?'),
(107, 34, 'Operating System'),
(107, 34, 'Hello?'),
(34, 107, 'ZX Spectrum'),
(322, 70, 'Hello, what kind of entertainment do you need?'),
(70, 322, 'Hi doesn’t matter please come and do it ASAP'),
(322, 70, 'OK. 150$ per 3 hours. 2 people: a clown and a princess'),
(70, 322, 'Whatever. The address is Lenina, 17'),
(322, 70, 'I`ll text You when I arrive'),
(70, 322, 'OK'),
(123, 83, 'Hi, I`m a professional photographer with 20 years of experience. Will be happy to help.'),
(83, 123, 'Cool. Do You have a digital camera?'),
(123, 83, 'Yep. Nikon D750'),
(83, 123, 'Perfect, please call me at 815-256-5654'),
(146, 4, 'Hi, do You still need a photographer?'),
(4, 146, 'Yes, I am. Are you the one?'),
(146, 4, 'Maybe ) Who is getting married?'),
(4, 146, 'Actually this is for my dog. He`s getting married.'),
(146, 4, 'Wow.. And who is the…. Other party?'),
(4, 146, 'My neighbour`s dog!'),
(146, 4, 'Well, I think, I`m in! It will be 1500$'),
(4, 146, 'Deal!'),
(124, 30, 'Hello, I`m a photographer. What the hell is Bar mitzvah?'),
(30, 124, 'It`s the opposite of Bar murktav..'),
(124, 30, 'Oh, this isn`t getting any better. What`s the pay?'),
(30, 124, '600$ per session'),
(124, 30, 'Ok, text me the address and the time.'),
(200, 43, 'Hi. I`m a limo driver. When and where do You want me to arrive?'),
(43, 200, 'Hi,I`d like to check the limo first.'),
(200, 43, 'Sure thing! You can see it on the web ste or come and visit us at the garage.'),
(43, 200, 'Oh, can You come here?'),
(200, 43, 'Yes I can. That would be 100$'),
(43, 200, 'OMG. Why is so expensive?'),
(255, 68, 'Hi, how badly you need this?'),
(68, 255, 'C`on man, I have sh*t everywhere!'),
(255, 68, 'If you say so.. 150$?'),
(68, 255, 'Yes, yes, 150 250 whatever. Just fix it NOW!!'),
(280, 27, 'Hi, what`s the pay?'),
(27, 280, '5$ per hour'),
(280, 27, 'Are you nuts??'),
(333, 77, 'Hello! I`m a professinal party organizer. I can make your event unforgettable! Just call me!'),
(333, 77, 'Hello!'),
(333, 77, 'Hello?'),
(333, 77, 'Hello…');
